{
  "name": "worldbuilding",
  "title": "Simple World-Building",
  "description": "A minimalist game system with very simple Actor and Item models to support free-form system agnostic gameplay.",
  "version": 0.34,
  "minimumCoreVersion": "0.5.2",
  "compatibleCoreVersion": "0.5.3",
  "templateVersion": 2,
  "author": "Atropos",
  "esmodules": ["module/simple.js"],
  "styles": ["styles/simple.css"],
  "packs": [],
  "languages": [],
  "gridDistance": 5,
  "gridUnits": "ft",
  "primaryTokenAttribute": "health",
  "secondaryTokenAttribute": "power",
  "url": "https://github.com/Kabale/worldbuilding/",
  "manifest": "https://github.com/Kabale/worldbuilding/blob/master/system.json",
  "download": "https://github.com/Kabale/worldbuilding/raw/master/archive/worldbuilding.zip"
}
